<?xml version="1.0" encoding="UTF-8"?>
<!DOCTYPE mapper PUBLIC "-//mybatis.org//DTD Mapper 3.0//EN" "http://mybatis.org/dtd/mybatis-3-mapper.dtd" >
<mapper namespace="com.chinaway.tms.admin.dao.SysDeptMapper">
	<resultMap id="BaseResultMap" type="com.chinaway.tms.admin.model.SysDept">
		<id column="id" property="id" />
		<result column="deptid" property="deptid" />
		<result column="name" property="name" />
		<result column="pid" property="pid" />
		<result column="levels" property="levels" />
		<result column="createtime" property="createtime" />
		<result column="description" property="description" />
		<result column="sotid" property="sotid" />
		<result column="state" property="state" />
		<result column="isenable" property="isenable" />
		<result column="customerid" property="customerid" />
		<result column="contact" property="contact" />
		<result column="address" property="address" />
		<result column="tel" property="tel" />
		<result column="remark" property="remark" />
	</resultMap>

	<sql id="Base_Column_List">
		id,deptid,name,pid,levels,createtime,description,sotid,state,isenable,customerid,contact,address,tel,remark
	</sql>

<!-- 动态查询条件 -->
	<sql id="Example_Where_Clause">
		where 1=1
		<trim suffixOverrides=",">
			<if test="id != null and id != '' ">
				and id = #{id}
			</if>
			<if test="deptid != null and deptid != '' ">
				and deptid like CONCAT('%',#{deptid},'%')
			</if>
			<if test="name != null and name != '' ">
				and name like CONCAT('%',#{name},'%')
			</if>
			<if test="pid != null and pid != '' ">
				and pid = #{pid}
			</if>
			<if test="levels != null and levels != '' ">
				and levels = #{levels}
			</if>
			<if test="createtime != null and createtime != '' ">
				and createtime = #{createtime}
			</if>
			<if test="description != null and description != '' ">
				and description = #{description}
			</if>
			<if test="sotid != null and sotid != '' ">
				and sotid = #{sotid}
			</if>
			<if test="state != null and state != '' ">
				and state = #{state}
			</if>
			<if test="isenable != null and isenable != '' ">
				and isenable = #{isenable}
			</if>
			<if test="customerid != null and customerid != '' ">
				and customerid like CONCAT('%',#{customerid},'%')
			</if>
			<if test="contact != null and contact != '' ">
				and contact like CONCAT('%',#{contact},'%')
			</if>
			<if test="address != null and address != '' ">
				and address = #{address}
			</if>
			<if test="tel != null and tel != '' ">
				and tel = #{tel}
			</if>
			<if test="remark != null and remark != '' ">
				and remark = #{remark}
			</if>
		</trim>
	</sql>
	
	<!-- 按名称查询条件 -->
	<sql id="name_Where_Clause">
		where 1=1
		<trim suffixOverrides=",">
			<if test="name != null and name != '' ">
				and name like CONCAT('%',#{name},'%')
			</if>
		</trim>
	</sql>

	<!-- 根据pid查询 -->
	<select id="selectByDeptid" resultMap="BaseResultMap" parameterType="java.lang.String">
		select
		<include refid="Base_Column_List" />
		from sys_dept where deptid = #{deptid}
	</select>

	<!-- 根据id查询 -->
	<select id="selectById" resultMap="BaseResultMap" parameterType="java.lang.Integer">
		select
		<include refid="Base_Column_List" />
		from sys_dept where id = #{id}
	</select>

	<!-- 查询max id  -->
	<select id="selectMaxId"  resultType="java.lang.Integer" >
		select max(id) from sys_dept 
	</select>
	
	<!-- 条件查询所有(分页拦截的也是这个语句) -->
	<select id="selectAll4Page" resultMap="BaseResultMap"
		parameterType="java.util.Map">
		select
		<include refid="Base_Column_List" />
		from sys_dept
		<include refid="Example_Where_Clause" />
	</select>
	
	<!-- 条件查询所有(连表查询角色,用户) -->
	<select id="selectDept4Page" resultMap="BaseResultMap" parameterType="java.util.Map">
		select
		<include refid="Base_Column_List" />
		from sys_dept
		<include refid="Example_Where_Clause" />
	</select>
	
	<!-- 根据条件查询所有部门 -->
	<select id="selectDeptByCtn" resultMap="BaseResultMap" parameterType="java.util.Map">
		select
		<include refid="Base_Column_List" />
		from sys_dept
		<include refid="Example_Where_Clause" />
	</select>
	
	<!-- 根据条件查询所有部门 -->
	<select id="selectDeptByName" resultMap="BaseResultMap" parameterType="java.util.Map">
		select
		<include refid="Base_Column_List" />
		from sys_dept
		<include refid="name_Where_Clause" />
	</select>

	<!-- 插入记录 -->
	<insert id="insert" parameterType="com.chinaway.tms.admin.model.SysDept">
		insert into
		sys_dept(deptid,name,pid,levels,createtime,description,sotid,state,isenable,customerid,contact,address,tel)
		values(#{deptid},#{name},#{pid},#{levels},#{createtime},#{description},#{sotid},#{state},#{isenable},#{customerid},#{contact},#{address},#{tel})
	</insert>

	<!-- 根据id，修改记录 -->
	<update id="update" parameterType="com.chinaway.tms.admin.model.SysDept">
		update sys_dept set
		deptid=#{deptid},name=#{name},pid=#{pid},levels=#{levels},description=#{description},sotid=#{sotid},state=#{state},isenable=#{isenable}
		where id=#{id}
	</update>

	<!-- 动态修改记录，只修改只不为空的字段 -->
	<update id="updateSelective" parameterType="com.chinaway.tms.admin.model.SysDept">
		update sys_dept set
		<trim suffixOverrides=",">
			<if test="deptid != null  and deptid != '' ">
				deptid=#{deptid},
			</if>
			<if test="name != null  and name != '' ">
				name=#{name},
			</if>
			<if test="pid != null  ">
				pid=#{pid},
			</if>
			<if test="levels != null  and levels != '' ">
				levels=#{levels},
			</if>
			<if test="createtime != null  ">
				createtime=#{createtime},
			</if>
			<if test="description != null  and description != '' ">
				description=#{description},
			</if>
			<if test="sotid != null  ">
				sotid=#{sotid},
			</if>
			<if test="state != null  and state != '' ">
				state=#{state},
			</if>
			<if test="isenable != null  and isenable != '' ">
				isenable=#{isenable},
			</if>
			<if test="customerid != null  and customerid != '' ">
				customerid=#{customerid},
			</if>
			<if test="contact != null  and contact != '' ">
				contact=#{contact},
			</if>
			<if test="address != null  and address != '' ">
				address=#{address},
			</if>
			<if test="tel != null  and tel != '' ">
				tel=#{tel},
			</if>
			<if test="remark != null  and remark != '' ">
				remark=#{remark},
			</if>
		</trim>
		where id=#{id}
	</update>
	
	<!-- 删除记录 -->
	<delete id="deleteById" parameterType="com.chinaway.tms.admin.model.SysDept">
		delete from sys_dept where id = #{id}
	</delete>
	
	<!-- 批量删除记录 -->
	<delete id="deleteByIds" parameterType="java.lang.String">
		delete from sys_dept where id in
		<foreach item="idItem" collection="array" open="(" separator="," close=")">
			#{idItem}
		</foreach>
	</delete>
</mapper>