<?xml version="1.0" encoding="UTF-8"?>
<!DOCTYPE mapper PUBLIC "-//mybatis.org//DTD Mapper 3.0//EN" "http://mybatis.org/dtd/mybatis-3-mapper.dtd" >
<mapper namespace="com.chinaway.tms.admin.dao.SysUserMapper">
	<resultMap id="BaseResultMap" type="com.chinaway.tms.admin.model.SysUser">
		<id column="id" property="id" />
		<result column="loginname" property="loginname" />
		<result column="realname" property="realname" />
		<result column="password" property="password" />
		<result column="type" property="type" />
		<result column="name" property="name" />
		<result column="intro" property="intro" />
		<result column="certificate" property="certificate" />
		<result column="corporation" property="corporation" />
		<result column="corporationim" property="corporationim" />
		<result column="phone" property="phone" />
		<result column="state" property="state" />
		<result column="createtime" property="createtime" />
		<result column="codeid" property="codeid" />
		<result column="deptid" property="deptid"/>
		<result column="email" property="email"/>
	</resultMap>

	<sql id="Base_Column_List">
		id,loginname,realname,password,type,name,intro,certificate,corporation,corporationim,phone,state,email,createtime,codeid,deptid
	</sql>
	
	<!-- 管理部门查询的返回对象 -->
	<sql id="Base_Column_dept_List">
		a.id,a.loginname,a.realname,a.password,a.type,a.name,a.intro,a.certificate,a.corporation,a.corporationim,a.phone,a.state,a.email,a.createtime,a.codeid,a.deptid,b.name as deptname
	</sql>
	
	<!-- 连表查询用户信息 -->
	<sql id="Base_Column_lb_List">
		a.id,a.loginname,a.realname,a.password,a.type,a.name,a.intro,a.certificate,a.corporation,a.corporationim,a.phone,a.state,a.email,a.createtime,a.codeid,a.deptid,c.name as rolename
	</sql>

	<!-- 动态查询条件 -->
	<sql id="Example_Where_Clause">
	    where 1=1
		<trim suffixOverrides=",">
			<if test="id != null and id != '' ">
				and id = #{id}
			</if>
			<if test="loginname != null and loginname != '' ">
				and loginname = #{loginname}
			</if>
			<if test="realname != null and realname != '' ">
				and realname = #{realname}
			</if>
			<if test="password != null and password != '' ">
				and password = #{password}
			</if>
			<if test="type != null and type != '' ">
				and type = #{type}
			</if>
			<if test="name != null and name != '' ">
				and name like CONCAT('%',#{name},'%')
			</if>
			<if test="intro != null and intro != '' ">
				and intro = #{intro}
			</if>
			<if test="certificate != null and certificate != '' ">
				and certificate = #{certificate}
			</if>
			<if test="corporation != null and corporation != '' ">
				and corporation = #{corporation}
			</if>
			<if test="corporationim != null and corporationim != '' ">
				and corporationim = #{corporationim}
			</if>
			<if test="phone != null and phone != '' ">
				and phone = #{phone}
			</if>
			<if test="state != null and state != '' ">
				and state = #{state}
			</if>
			<if test="createtime != null and createtime != '' ">
				and createtime = #{createtime}
			</if>
			<if test="codeid != null and codeid != '' ">
				and codeid = #{codeid}
			</if>
			<if test="deptid != null and deptid != '' ">
				and deptid = #{deptid}
			</if>
			<if test="email != null and email != '' ">
				and email = #{email}
			</if>
			<if test="deptids != null ">
				and deptid in
				<foreach item="idItem" index="index" collection="deptids" open="(" separator="," close=")">
					#{idItem}
				</foreach>
			</if>
			
		</trim>
	</sql>
	
	<!-- 动态查询条件 连role表 -->
	<sql id="lb_Where_Clause">
		where 1=1
		<trim suffixOverrides=",">
			<if test="id != null and id != '' ">
				and a.id = #{id}
			</if>
			<if test="loginname != null and loginname != '' ">
				and a.loginname like CONCAT('%',#{loginname},'%')
			</if>
			<if test="realname != null and realname != '' ">
				and a.realname like CONCAT('%',#{realname},'%')
			</if>
			<if test="password != null and password != '' ">
				and a.password = #{password}
			</if>
			<if test="type != null and type != '' ">
				and a.type = #{type}
			</if>
			<if test="name != null and name != '' ">
				and a.name like CONCAT('%',#{name},'%') 
			</if>
			<if test="intro != null and intro != '' ">
				and a.intro = #{intro}
			</if>
			<if test="certificate != null and certificate != '' ">
				and certificate = #{certificate}
			</if>
			<if test="corporation != null and corporation != '' ">
				and a.corporation = #{corporation}
			</if>
			<if test="corporationim != null and corporationim != '' ">
				and a.corporationim = #{corporationim}
			</if>
			<if test="phone != null and phone != '' ">
				and a.phone like CONCAT('%',#{phone},'%')
			</if>
			<if test="state != null and state != '' ">
				and a.state = #{state}
			</if>
			<if test="createtime != null and createtime != '' ">
				and a.createtime = #{createtime}
			</if>
			<if test="codeid != null and codeid != '' ">
				and a.codeid = #{codeid}
			</if>
			<if test="deptid != null and deptid != '' ">
				and deptid = #{deptid}
			</if>
			<if test="email != null and email != '' ">
				and a.email like CONCAT('%',#{email},'%')
			</if>
		</trim>
	</sql>

	<!-- 根据id查询 -->
	<select id="selectById" resultMap="BaseResultMap" parameterType="java.lang.Integer">
		select
		<include refid="Base_Column_List" />
		from sys_user a where a.id = #{id}
	</select>
	
	<!-- 根据id查询用户和部门信息 -->
<!-- 	<select id="selectById" resultMap="BaseResultMap" parameterType="java.lang.Integer"> -->
<!-- 		select -->
<!-- 		<include refid="Base_Column_dept_List" /> -->
<!-- 		from sys_user a,sys_dept b where a.deptid = b.deptid and a.id = #{id} -->
<!-- 	</select> -->

	<!-- 条件查询所有(分页拦截的也是这个语句) -->
	<select id="selectAll4Page" resultMap="BaseResultMap"
		parameterType="java.util.Map">
		select
		<include refid="Base_Column_List" />
		from sys_user
		<include refid="Example_Where_Clause" />
	</select>
	
	<!-- 条件查询所有(分页拦截的也是这个语句) -->
	<select id="selectAllUser4Page" resultMap="BaseResultMap" parameterType="java.util.Map">
		select
		<include refid="Base_Column_lb_List" />
		from
		sys_user a left join sys_user_role b on a.id = b.userid
		left join sys_role c on b.roleid = c.id
		<include refid="lb_Where_Clause" />
		order by a.createtime desc
	</select>
	
	<!-- 条件查询所有(连表查询部门,角色信息 不分页)  todo 做连表关联 -->
	<select id="queryUserByCtn" resultMap="BaseResultMap" parameterType="java.util.Map">
		select
		<include refid="Base_Column_List" />
		from sys_user
		<include refid="Example_Where_Clause" />
	</select>
	
	<!-- 查询所有用户根据条件(不连表不分页) -->
	<select id="queAllUserByCtn" resultMap="BaseResultMap" parameterType="java.util.Map">
		select
		<include refid="Base_Column_List" />
		from sys_user
		<include refid="Example_Where_Clause" />
	</select>
	
	<!-- 插入记录 -->
	<insert id="insert" useGeneratedKeys="true" keyProperty="id" parameterType="com.chinaway.tms.admin.model.SysUser">
		insert into
		sys_user(loginname,password,realname,type,name,intro,certificate,corporation,corporationim,phone,state,createtime,codeid,deptid,email)
		values(#{loginname},#{password},#{realname},#{type},#{name},#{intro},#{certificate},#{corporation},#{corporationim},#{phone},#{state},#{createtime},#{codeid},#{deptid},#{email})
	</insert>

	<!-- 根据id，修改记录 -->
	<update id="update" parameterType="com.chinaway.tms.admin.model.SysUser">
		update sys_user set
		loginname=#{loginname},password=#{password},realname=#{realname},type=#{type},name=#{name},intro=#{intro},certificate=#{certificate},corporation=#{corporation},corporationim=#{corporationim},phone=#{phone},state=#{state},
		codeid=#{codeid},deptid=#{deptid},email=#{email}
		where loginname=#{loginname}
	</update>

	<!-- 动态修改记录，只修改只不为空的字段 -->
	<update id="updateSelective" parameterType="com.chinaway.tms.admin.model.SysUser">
		update sys_user set
		<trim suffixOverrides=",">
			<if test="loginname != null  and loginname != '' ">
				loginname=#{loginname},
			</if>
			<if test="realname != null and realname != '' ">
				realname=#{realname},
			</if>
			<if test="password != null  and password != '' ">
				password=#{password},
			</if>
			<if test="type != null  and type != '' ">
				type=#{type},
			</if>
			<if test="name != null  and name != '' ">
				name=#{name},
			</if>
			<if test="intro != null  and intro != '' ">
				intro=#{intro},
			</if>
			<if test="certificate != null  and certificate != '' ">
				certificate=#{certificate},
			</if>
			<if test="corporation != null  and corporation != '' ">
				corporation=#{corporation},
			</if>
			<if test="corporationim != null  and corporationim != '' ">
				corporationim=#{corporationim},
			</if>
			<if test="phone != null  and phone != '' ">
				phone=#{phone},
			</if>
			<if test="state != null  and state != '' ">
				state=#{state},
			</if>
			<if test="createtime != null  ">
				createtime=#{createtime},
			</if>
			<if test="codeid != null  ">
				codeid=#{codeid},
			</if>
			<if test="deptid != null and deptid != '' ">
				deptid=#{deptid},
			</if>
			<if test="email != null and email != '' ">
				email=#{email},
			</if>
		</trim>
		where id=#{id}
	</update>

	<!-- 删除记录 -->
	<delete id="deleteById" parameterType="com.chinaway.tms.admin.model.SysUser">
		delete from sys_user where id = #{id}
	</delete>
	
	<!-- 批量删除记录  (可能暂时不使用)-->
	<delete id="deleteByIds" parameterType="java.lang.String">
		delete from sys_user where id in
		<foreach item="idItem" collection="array" open="(" separator="," close=")">
			#{idItem}
		</foreach>
	</delete>
</mapper>