<?xml version="1.0" encoding="UTF-8"?>
<beans xmlns="http://www.springframework.org/schema/beans"
	xmlns:xsi="http://www.w3.org/2001/XMLSchema-instance"
	xmlns:mvc="http://www.springframework.org/schema/mvc"
	xmlns:context="http://www.springframework.org/schema/context"
	xsi:schemaLocation="http://www.springframework.org/schema/beans http://www.springframework.org/schema/beans/spring-beans-3.0.xsd
		http://www.springframework.org/schema/mvc http://www.springframework.org/schema/mvc/spring-mvc-3.0.xsd	
		http://www.springframework.org/schema/context http://www.springframework.org/schema/context/spring-context-3.0.xsd">
	
	<!--要调用的工作 -->
	<bean id="waybillJob" class="com.chinaway.tms.quartz.AutoGenerateWaybill"></bean>
	<!--定义调用对象和调用对象的方法-->
	<bean id="myDetail" class="org.springframework.scheduling.quartz.MethodInvokingJobDetailFactoryBean">
		<!--调用的类-->
		<property name="targetObject" ref="waybillJob"></property>
		<!--调用类中的方法-->
		<property name="targetMethod" value="execute"></property>
		<!--并发设置-->
		<property name="concurrent" value="false" />
	</bean>
	<!--定义触发时间-->
	<bean id="myTrigger" class="org.springframework.scheduling.quartz.CronTriggerFactoryBean ">
		<property name="jobDetail" ref="myDetail"></property>
		<!-- cron表达式-->
		<property name="cronExpression">
			<value>0 */10 * * * ?</value><!-- 每10分钟触发 -->
 			<!--<value>0/5 * * * * ?</value>  每5秒触发 -->
		</property>
	</bean>
	
	<!--要调用的工作 -->
	<bean id="fromZTJob" class="com.chinaway.tms.quartz.FromZTJob"></bean>
	<!--定义调用对象和调用对象的方法-->
	<bean id="myDetail2" class="org.springframework.scheduling.quartz.MethodInvokingJobDetailFactoryBean">
		<!--调用的类-->
		<property name="targetObject" ref="fromZTJob"></property>
		<!--调用类中的方法-->
		<property name="targetMethod" value="quartMethod"></property>
		<!--并发设置-->
		<property name="concurrent" value="false" />
	</bean>
	<!--定义触发时间-->
	<bean id="ztTrigger" class="org.springframework.scheduling.quartz.CronTriggerFactoryBean ">
		<property name="jobDetail" ref="myDetail2"></property>
		<!-- cron表达式-->
		<property name="cronExpression">
			<value>0 0 1 * * ?</value><!-- 每天凌晨1点执行一次 -->
			<!-- <value>0 */1 * * * ?</value> --><!-- 每分钟触发 -->
		</property>
	</bean>
	
	<!--要调用的工作 -->
	<bean id="ordersJob" class="com.chinaway.tms.quartz.OrdersJob"></bean>
	<!--定义调用对象和调用对象的方法-->
	<bean id="ordersJobDetail" class="org.springframework.scheduling.quartz.MethodInvokingJobDetailFactoryBean">
		<!--调用的类-->
		<property name="targetObject" ref="ordersJob"></property>
		<!--调用类中的方法-->
		<property name="targetMethod" value="quartMethod"></property>
		<!--并发设置-->
		<property name="concurrent" value="false" />
	</bean>
	<!--定义触发时间-->
	<bean id="ordersJobTrigger" class="org.springframework.scheduling.quartz.CronTriggerFactoryBean ">
		<property name="jobDetail" ref="ordersJobDetail"></property>
		<!-- cron表达式-->
		<property name="cronExpression">
			<value>0 */2 * * * ?</value>  <!-- 每分钟触发 -->
 			<!--<value>0/5 * * * * ?</value> 每5秒触发 -->
		</property>
	</bean>
	
	
	<!-- 调度程序-多个 -->
	<bean id="myScheduler" class="org.springframework.scheduling.quartz.SchedulerFactoryBean">
        <property name="triggers">
            <list>
                <!-- <ref bean="myTrigger"></ref> --><!-- 暂时取消，变为按钮触发 -->
                <ref bean="ztTrigger"></ref>
                <ref bean="ordersJobTrigger"></ref>
            </list>
        </property>
        <property name="autoStartup" value="true"></property>
    </bean>
    
	<!-- 调度程序  (单个)
	<bean id="myScheduler" class="org.springframework.scheduling.quartz.SchedulerFactoryBean">
        <property name="triggers">
            <list>
                <ref bean="myTrigger"></ref>
            </list>
        </property>
        <property name="autoStartup" value="true"></property>
    </bean>
	  -->
</beans>
