<?xml version="1.0" encoding="UTF-8"?>
<!DOCTYPE mapper PUBLIC "-//mybatis.org//DTD Mapper 3.0//EN" "http://mybatis.org/dtd/mybatis-3-mapper.dtd" >
<mapper namespace="com.chinaway.tms.basic.dao.OrdersMapper" >
  	<resultMap id="BaseResultMap" type="com.chinaway.tms.basic.model.Orders" >
		<id column="id" property="id"/>
		<result column="code" property="code"/>
		<result column="fromcode" property="fromcode"/>
		<result column="orderfrom" property="orderfrom"/>
		<result column="createtime" property="createtime"/>
		<result column="deptname" property="deptname"/>
		<result column="subcontractor" property="subcontractor"/>
		<result column="amount" property="amount"/>
		<result column="unit" property="unit"/>
		<result column="weight" property="weight"/>
		<result column="volume" property="volume"/>
		<result column="fhaddress" property="fhaddress"/>
		<result column="shaddress" property="shaddress"/>
		<result column="requstarttime" property="requstarttime"/>
		<result column="requendtime" property="requendtime"/>
		<result column="state" property="state"/>
		<result column="exceptcount" property="exceptcount"/>
		<result column="status" property="status"/>
		<result column="updatetime" property="updatetime"/>
		<result column="pid" property="pid"/>
	</resultMap>
       
	<sql id="Base_Column_List" >
		 id,code,fromcode,orderfrom,createtime,deptname,subcontractor,amount,unit,weight,volume,fhaddress,shaddress,requstarttime,requendtime,state,exceptcount,status,updatetime,pid
	</sql>
   
	<!-- 动态查询条件 -->
	<sql id="Example_Where_Clause">
		where 1=1
		<trim suffixOverrides="," >
			<if test="id != null and id != '' ">
			    and id = #{id}
			</if>
			<if test="code != null and code != '' ">
			    and code = #{code}
			</if>
			<if test="fromcode != null and fromcode != '' ">
			    and fromcode = #{fromcode}
			</if>
			<if test="orderfrom != null and orderfrom != '' ">
			    and orderfrom = #{orderfrom}
			</if>
			<if test="createtime != null and createtime != '' ">
			    and createtime = #{createtime}
			</if>
			<if test="deptname != null and deptname != '' ">
			    and deptname = #{deptname}
			</if>
			<if test="subcontractor != null and subcontractor != '' ">
			    and subcontractor = #{subcontractor}
			</if>
			<if test="amount != null and amount != '' ">
			    and amount = #{amount}
			</if>
			<if test="unit != null and unit != '' ">
			    and unit = #{unit}
			</if>
			<if test="weight != null and weight != '' ">
			    and weight = #{weight}
			</if>
			<if test="volume != null and volume != '' ">
			    and volume = #{volume}
			</if>
			<if test="fhaddress != null and fhaddress != '' ">
			    and fhaddress = #{fhaddress}
			</if>
			<if test="shaddress != null and shaddress != '' ">
			    and shaddress = #{shaddress}
			</if>
			<if test="requstarttime != null and requstarttime != '' ">
			    and requstarttime = #{requstarttime}
			</if>
			<if test="requendtime != null and requendtime != '' ">
			    and requendtime = #{requendtime}
			</if>
			<if test="state != null and state != '' ">
			    and state = #{state}
			</if>
			<if test="exceptcount != null and exceptcount != '' ">
			    and exceptcount = #{exceptcount}
			</if>
			<if test="status != null and status != '' ">
			    and status = #{status}
			</if>
			<if test="updatetime != null and updatetime != '' ">
			    and updatetime = #{updatetime}
			</if>
			<if test="pid != null and pid != '' ">
			    and pid = #{pid}
			</if>
			<if test="deptids != null">
			    and deptname in 
				<foreach item="idItem" index="index" collection="deptids" open="(" separator="," close=")">
					#{idItem}
				</foreach>
			</if>
		</trim>
	</sql>
	
	<!-- 动态查询条件 -->
	<sql id="mf_Where_Clause">
		where 1=1 
		<trim suffixOverrides="," >
			<if test="id != null and id != '' ">
			    and id = #{id}
			</if>
			<if test="code != null and code != '' ">
			    and code like CONCAT('%',#{code},'%')
			</if>
			<if test="fromcode != null and fromcode != '' ">
			    and fromcode like CONCAT('%',#{fromcode},'%')
			</if>
			<if test="orderfrom != null and orderfrom != '' ">
			    and orderfrom = #{orderfrom}
			</if>
			<if test="createtime != null and createtime != '' ">
			    and createtime = #{createtime}
			</if>
			<if test="subcontractor != null and subcontractor != '' ">
			    and subcontractor = #{subcontractor}
			</if>
			<if test="amount != null and amount != '' ">
			    and amount = #{amount}
			</if>
			<if test="unit != null and unit != '' ">
			    and unit = #{unit}
			</if>
			<if test="weight != null and weight != '' ">
			    and weight = #{weight}
			</if>
			<if test="volume != null and volume != '' ">
			    and volume = #{volume}
			</if>
			<if test="fhaddress != null and fhaddress != '' ">
			    and fhaddress = #{fhaddress}
			</if>
			<if test="shaddress != null and shaddress != '' ">
			    and shaddress = #{shaddress}
			</if>
			<if test="requstarttime != null and requstarttime != '' ">
			    and requstarttime = #{requstarttime}
			</if>
			<if test="requendtime != null and requendtime != '' ">
			    and requendtime = #{requendtime}
			</if>
			<if test="state != null and state != '' ">
			    and state = #{state}
			</if>
			<if test="exceptcount != null and exceptcount != '' ">
			    and exceptcount = #{exceptcount}
			</if>
			<if test="status != null and status != '' ">
			    and status = #{status}
			</if>
			<if test="updatetime != null and updatetime != '' ">
			    and updatetime = #{updatetime}
			</if>
			<if test="pid != null and pid != '' ">
			    and pid = #{pid}
			</if>
			<if test="deptids != null">
			    and deptname in 
				<foreach item="idItem" index="index" collection="deptids" open="(" separator="," close=")">
					#{idItem}
				</foreach>
			</if>
		</trim>
	</sql>
 
	<!-- 根据运单id 查询订单  -->
	<select id="selectByWayId"  resultMap="BaseResultMap" parameterType="java.lang.Integer">
		select
			o.id, o.code, o.fromcode, o.orderfrom, o.createtime, o.amount, o.unit, o.weight, o.volume,
		 	(select name from sys_dept where deptid = o.deptname) deptname,
			(select name from sys_user where id = o.subcontractor) subcontractor,
			(select name from site where code = o.fhaddress) fhaddress,
			(select name from site where code = o.shaddress) shaddress,
		 	o.requstarttime, o.requendtime, o.state, o.exceptcount, o.status, o.updatetime, o.pid
		from orders o
		left join orders_waybill ow on ow.ordersId = o.id
		left join waybill w on w.id = ow.waybillId
		where w.id = #{wayId}
	</select>
 
	<!-- 根据id查询  -->
	<select id="selectById"  resultMap="BaseResultMap" parameterType="java.util.Map">
		select
		<include refid="Base_Column_List" />
		from orders where id = #{id}
	</select>
	
	<!-- 根据ids查询订单列表  -->
	<select id="selectByIds"  resultMap="BaseResultMap">
		select
		<include refid="Base_Column_List" />
		from orders where 
		id in
		<foreach item="idItem" index="index" collection="array" open="(" separator="," close=")">
			#{idItem}
		</foreach>
	</select>
 
	<!-- 查询max id  -->
	<select id="selectMaxId"  resultType="java.lang.Integer" >
		select max(id) from orders 
	</select>
 
	<!-- 查询max UpdateTime -->
	<select id="selectMaxUpdateTime"  resultType="java.util.Date" >
		select max(updatetime) updatetime from orders
	</select>

	<!-- 条件查询所有(分页拦截的也是这个语句)(有联表单独修改了) -->
	<select id="selectAll4Page" resultMap="BaseResultMap" parameterType="java.util.Map">
		select
			id,code,fromcode,orderfrom,createtime,amount,unit,weight,volume,
			(select name from sys_dept where deptid = deptname) deptname,
			(select name from sys_user where id = subcontractor) subcontractor,
			(select name from site where code = fhaddress) fhaddress,
			(select name from site where code = shaddress) shaddress,
			requstarttime,requendtime,state,exceptcount,status,updatetime,pid
		from orders
		<include refid="mf_Where_Clause"/>
		order by state, requstarttime, status desc
	</select>
	
	<!-- 条件查询所有-->
	<select id="selectAllOrdersByCtn" resultMap="BaseResultMap" parameterType="java.util.Map">
		select
		<include refid="Base_Column_List" />
		from orders
		<include refid="Example_Where_Clause"/>
		order by state, requstarttime, shaddress
	</select>
   
	<!-- 插入记录,返回的注解id，需要通过参数对象获取，如order。getId() -->
	<insert id="insert" parameterType="com.chinaway.tms.basic.model.Orders" useGeneratedKeys="true" keyProperty="id">
	    insert into orders(code,fromcode,orderfrom,createtime,deptname,subcontractor,amount,unit,weight,volume,fhaddress,shaddress,requstarttime,requendtime,state,exceptcount,status,updatetime,pid)
        values(#{code},#{fromcode},#{orderfrom},#{createtime},#{deptname},#{subcontractor},#{amount},#{unit},#{weight},#{volume},#{fhaddress},#{shaddress},#{requstarttime},#{requendtime},#{state},#{exceptcount},#{status},#{updatetime},#{pid})
	</insert>

	<!-- 根据id，修改记录-->  
	 <update id="update" parameterType="com.chinaway.tms.basic.model.Orders" >
	 	update orders set code=#{code},fromcode=#{fromcode},orderfrom=#{orderfrom},deptname=#{deptname},subcontractor=#{subcontractor},amount=#{amount},unit=#{unit},weight=#{weight},volume=#{volume},fhaddress=#{fhaddress},shaddress=#{shaddress},requstarttime=#{requstarttime},requendtime=#{requendtime},state=#{state},exceptcount=#{exceptcount},status=#{status},updatetime=#{updatetime},pid=#{pid} where id=#{id}
	 </update>
 
	 <!-- 动态修改记录，只修改只不为空的字段 -->
	<update id="updateSelective" parameterType="com.chinaway.tms.basic.model.Orders" >
		update orders set 
		<trim  suffixOverrides="," >
			<if test="code != null  and code != '' ">
				code=#{code},
			</if>
			<if test="fromcode != null  and fromcode != '' ">
				fromcode=#{fromcode},
			</if>
			<if test="orderfrom != null  and orderfrom != '' ">
				orderfrom=#{orderfrom},
			</if>
			<if test="createtime != null  ">
				createtime=#{createtime},
			</if>
			<if test="deptname != null  and deptname != '' ">
				deptname=#{deptname},
			</if>
			<if test="subcontractor != null  and subcontractor != '' ">
				subcontractor=#{subcontractor},
			</if>
			<if test="amount != null  ">
				amount=#{amount},
			</if>
			<if test="unit != null  and unit != '' ">
				unit=#{unit},
			</if>
			<if test="weight != null  ">
				weight=#{weight},
			</if>
			<if test="volume != null  ">
				volume=#{volume},
			</if>
			<if test="fhaddress != null  and fhaddress != '' ">
				fhaddress=#{fhaddress},
			</if>
			<if test="shaddress != null  and shaddress != '' ">
				shaddress=#{shaddress},
			</if>
			<if test="requstarttime != null  ">
				requstarttime=#{requstarttime},
			</if>
			<if test="requendtime != null  ">
				requendtime=#{requendtime},
			</if>
			<if test="state != null  and state != '' ">
				state=#{state},
			</if>
			<if test="exceptcount != null  ">
				exceptcount=#{exceptcount},
			</if>
			<if test="status != null  ">
				status=#{status},
			</if>
			<if test="updatetime != null ">
			    updatetime = #{updatetime},
			</if>
			<if test="pid != null">
			    pid = #{pid},
			</if>
		</trim> where code=#{code}
	</update>

	<!-- 删除记录 -->
	<delete id="deleteById" parameterType="com.chinaway.tms.basic.model.Orders" >
		delete from orders where id = #{id}
	</delete>
  	
</mapper>