<?xml version="1.0" encoding="UTF-8"?>
<beans xmlns="http://www.springframework.org/schema/beans" 
	   xmlns:aop="http://www.springframework.org/schema/aop" 
	   xmlns:context="http://www.springframework.org/schema/context"
	   xmlns:mvc="http://www.springframework.org/schema/mvc" 
	   xmlns:tx="http://www.springframework.org/schema/tx" 
	   xmlns:xsi="http://www.w3.org/2001/XMLSchema-instance"
	   xsi:schemaLocation="http://www.springframework.org/schema/aop 
		http://www.springframework.org/schema/aop/spring-aop.xsd 
		http://www.springframework.org/schema/beans 
		http://www.springframework.org/schema/beans/spring-beans.xsd 
		http://www.springframework.org/schema/context 
		http://www.springframework.org/schema/context/spring-context.xsd 
		http://www.springframework.org/schema/mvc 
		http://www.springframework.org/schema/mvc/spring-mvc.xsd 
		http://www.springframework.org/schema/tx 
		http://www.springframework.org/schema/tx/spring-tx.xsd">

	<!-- 引入属性文件 -->
	<context:property-placeholder location="classpath*:config.properties" />
	<!-- 自动扫描(自动注入) -->
	<context:component-scan base-package="com.chinaway.tms.*.service" />
	
	<!-- 数据源配置：用的是spring容器自带的数据源 -->
	<bean id="dataSource" class="org.apache.commons.dbcp.BasicDataSource">
		<property name="driverClassName" value="${jdbc.driverClassName}"/>
		<property name="url" value="${jdbc.url}"/>
		<property name="username" value="${jdbc.username}"/>
		<property name="password" value="${jdbc.password}"/>
        <property name="maxActive" value="255" />
        <property name="maxIdle" value="2" />
        <property name="maxWait" value="120000" />
	</bean> 
	
	<!-- myBatis文件 -->
	<bean id="sqlSessionFactory" class="org.mybatis.spring.SqlSessionFactoryBean">
		<property name="dataSource" ref="dataSource" />
		<property name="configLocation" value="classpath:spring/mybatis-config.xml"/>
		<!-- 此处的配置是自动注册 *mapping.xml文件 -->
		<property name="mapperLocations" value="classpath*:com/chinaway/tms/*/mapping/*.xml"></property>
	</bean>
	<bean class="org.mybatis.spring.mapper.MapperScannerConfigurer">
	 	<!--扫描com.sys.dao这个包以及它的子包下的所有映射接口类 -->
		<property name="basePackage" value="com.chinaway.tms.*.dao" />
		<property name="sqlSessionFactoryBeanName" value="sqlSessionFactory" />
	</bean>
	
	<!-- 定义事务管理器 -->
    <bean id="transactionManager"
        class="org.springframework.jdbc.datasource.DataSourceTransactionManager">
        <property name="dataSource" ref="dataSource"/>
    </bean>

	<!-- 事务注解 -->
	<tx:annotation-driven transaction-manager="transactionManager" />
	
	<!-- 该事物已经用注解（@Transactional）取代了
	<tx:advice id="txAdvice" transaction-manager="transactionManager">
		<tx:attributes>
			<tx:method name="delete*" propagation="REQUIRED" read-only="false" 
			           rollback-for="java.lang.Exception"/>
			<tx:method name="insert*" propagation="REQUIRED" read-only="false" 
			           rollback-for="java.lang.Exception" />
			<tx:method name="update*" propagation="REQUIRED" read-only="false" 
			           rollback-for="java.lang.Exception" />
			<tx:method name="save*" propagation="REQUIRED" read-only="false" 
			           rollback-for="java.lang.Exception" />
			<tx:method name="*" propagation="REQUIRED" read-only="false"/>
		</tx:attributes>
	</tx:advice>
	
	<aop:config>
		<aop:pointcut id="pc" expression="execution(* com.shupro.myoa.*.service..*(..))" />
		<aop:advisor pointcut-ref="pc" advice-ref="txAdvice" />
	</aop:config> -->
	
</beans>